,title,album name,data-artist,source link
0,All Of Us Under The Sun,All Of Us Under The Sun,Ninja Tracks,https://dl5.songsara.net/FRE/11/Ninja Tracks - All Of Us Under The Sun (2023) SONGSARA.NET/01. All Of Us Under The Sun.mp3
1,Act Without Fear,All Of Us Under The Sun,Ninja Tracks,https://dl5.songsara.net/FRE/11/Ninja Tracks - All Of Us Under The Sun (2023) SONGSARA.NET/02. Act Without Fear.mp3
2,Zenith,All Of Us Under The Sun,Ninja Tracks,https://dl5.songsara.net/FRE/11/Ninja Tracks - All Of Us Under The Sun (2023) SONGSARA.NET/03. Zenith.mp3
3,Endless,All Of Us Under The Sun,Ninja Tracks,https://dl5.songsara.net/FRE/11/Ninja Tracks - All Of Us Under The Sun (2023) SONGSARA.NET/04. Endless.mp3
4,World Of Wonders,All Of Us Under The Sun,Ninja Tracks,https://dl5.songsara.net/FRE/11/Ninja Tracks - All Of Us Under The Sun (2023) SONGSARA.NET/05. World Of Wonders.mp3
5,Once In A Lifetime,All Of Us Under The Sun,Ninja Tracks,https://dl5.songsara.net/FRE/11/Ninja Tracks - All Of Us Under The Sun (2023) SONGSARA.NET/06. Once In A Lifetime.mp3
6,Flight Of The Phoenix,All Of Us Under The Sun,Ninja Tracks,https://dl5.songsara.net/FRE/11/Ninja Tracks - All Of Us Under The Sun (2023) SONGSARA.NET/07. Flight Of The Phoenix.mp3
7,Strangers Among Us,All Of Us Under The Sun,Ninja Tracks,https://dl5.songsara.net/FRE/11/Ninja Tracks - All Of Us Under The Sun (2023) SONGSARA.NET/08. Strangers Among Us.mp3
8,Colors,All Of Us Under The Sun,Ninja Tracks,https://dl5.songsara.net/FRE/11/Ninja Tracks - All Of Us Under The Sun (2023) SONGSARA.NET/09. Colors.mp3
9,From Above,All Of Us Under The Sun,Ninja Tracks,https://dl5.songsara.net/FRE/11/Ninja Tracks - All Of Us Under The Sun (2023) SONGSARA.NET/10. From Above.mp3
10,Infinity Sky,All Of Us Under The Sun,Ninja Tracks,https://dl5.songsara.net/FRE/11/Ninja Tracks - All Of Us Under The Sun (2023) SONGSARA.NET/11. Infinity Sky.mp3
11,Outworlder,All Of Us Under The Sun,Ninja Tracks,https://dl5.songsara.net/FRE/11/Ninja Tracks - All Of Us Under The Sun (2023) SONGSARA.NET/12. Outworlder.mp3
12,Into The Abyss,All Of Us Under The Sun,Ninja Tracks,https://dl5.songsara.net/FRE/11/Ninja Tracks - All Of Us Under The Sun (2023) SONGSARA.NET/13. Into The Abyss.mp3
13,Where Dreams Begin,All Of Us Under The Sun,Ninja Tracks,https://dl5.songsara.net/FRE/11/Ninja Tracks - All Of Us Under The Sun (2023) SONGSARA.NET/14. Where Dreams Begin.mp3
14,Reflections Of The Universe,All Of Us Under The Sun,Ninja Tracks,https://dl5.songsara.net/FRE/11/Ninja Tracks - All Of Us Under The Sun (2023) SONGSARA.NET/15. Reflections Of The Universe.mp3
